{
	"width": 1280,
	"height": 720,
	"fps": 30,
	"main": "./script/aez_bundle_main.js",
	"assets": {
		"nc217711": {
			"type": "audio",
			"path": "files/2fc05dc450d416ecb2ad",
			"systemId": "music",
			"duration": 211305,
			"virtualPath": "audio/nc217711"
		},
		"back": {
			"type": "image",
			"path": "files/6112441a2979683fc743.png",
			"width": 1280,
			"height": 720,
			"hint": {
				"untainted": true
			},
			"virtualPath": "image/back.png"
		},
		"number": {
			"type": "image",
			"path": "files/a0340c3947cfcd44e0b2.png",
			"width": 300,
			"height": 53,
			"hint": {
				"untainted": true
			},
			"virtualPath": "image/number.png"
		},
		"number_mini": {
			"type": "image",
			"path": "files/9dc0d41823eb47b81203.png",
			"width": 230,
			"height": 41,
			"hint": {
				"untainted": true
			},
			"virtualPath": "image/number_mini.png"
		},
		"pairs": {
			"type": "image",
			"path": "files/2e50de32258db2818ac6.png",
			"width": 158,
			"height": 42,
			"hint": {
				"untainted": true
			},
			"virtualPath": "image/pairs.png"
		},
		"scroll0": {
			"type": "image",
			"path": "files/fe0ad47eda0395e22f6c.png",
			"width": 90,
			"height": 250,
			"hint": {
				"untainted": true
			},
			"virtualPath": "image/scroll0.png"
		},
		"scroll1": {
			"type": "image",
			"path": "files/48d0610f17b2beedff1b.png",
			"width": 90,
			"height": 250,
			"hint": {
				"untainted": true
			},
			"virtualPath": "image/scroll1.png"
		},
		"tile": {
			"type": "image",
			"path": "files/08c17017353ee35d64f0.png",
			"width": 590,
			"height": 320,
			"hint": {
				"untainted": true
			},
			"virtualPath": "image/tile.png"
		},
		"score": {
			"type": "image",
			"path": "files/d62e2baecca743ff7361.png",
			"width": 40,
			"height": 40,
			"hint": {
				"untainted": true
			},
			"virtualPath": "image/score.png"
		},
		"seconds": {
			"type": "image",
			"path": "files/ec23e951dab998465830.png",
			"width": 40,
			"height": 40,
			"hint": {
				"untainted": true
			},
			"virtualPath": "image/seconds.png"
		},
		"nc182053": {
			"type": "audio",
			"path": "files/b5c9ffe200cfafdd3971",
			"systemId": "sound",
			"duration": 214,
			"virtualPath": "audio/nc182053"
		},
		"nc238228": {
			"type": "audio",
			"path": "files/8d53455e9f914f440a0c",
			"systemId": "sound",
			"duration": 1056,
			"virtualPath": "audio/nc238228"
		},
		"nc217393": {
			"type": "audio",
			"path": "files/462cab59158cb95699ea",
			"systemId": "sound",
			"duration": 209,
			"virtualPath": "audio/nc217393"
		},
		"retry": {
			"type": "image",
			"path": "files/fa9c3d3434cc1cb7e480.png",
			"width": 155,
			"height": 40,
			"hint": {
				"untainted": true
			},
			"virtualPath": "image/retry.png"
		},
		"slide0": {
			"type": "image",
			"path": "files/f7993ced013fc0b84f54.png",
			"width": 1280,
			"height": 720,
			"hint": {
				"untainted": true
			},
			"virtualPath": "image/slide0.png"
		},
		"slide1": {
			"type": "image",
			"path": "files/eb91fb60cf5c63de9e89.png",
			"width": 1280,
			"height": 720,
			"hint": {
				"untainted": true
			},
			"virtualPath": "image/slide1.png"
		},
		"slide2": {
			"type": "image",
			"path": "files/3e92de9a6288d19315e2.png",
			"width": 1280,
			"height": 720,
			"hint": {
				"untainted": true
			},
			"virtualPath": "image/slide2.png"
		},
		"next": {
			"type": "image",
			"path": "files/02fa686e3b632277ead6.png",
			"width": 200,
			"height": 100,
			"hint": {
				"untainted": true
			},
			"virtualPath": "image/next.png"
		},
		"start": {
			"type": "image",
			"path": "files/fad71188a75b7f48f032.png",
			"width": 200,
			"height": 100,
			"hint": {
				"untainted": true
			},
			"virtualPath": "image/start.png"
		},
		"record": {
			"type": "image",
			"path": "files/5ee0c65f8b0fba470ff6.png",
			"width": 200,
			"height": 100,
			"hint": {
				"untainted": true
			},
			"virtualPath": "image/record.png"
		},
		"aez_bundle_main": {
			"type": "script",
			"global": true,
			"path": "files/f086925699839f7a9594.js",
			"virtualPath": "script/aez_bundle_main.js"
		}
	},
	"moduleMainScripts": {},
	"environment": {
		"sandbox-runtime": "3",
		"nicolive": {
			"supportedModes": [
				"ranking"
			],
			"preferredSessionParameters": {
				"totalTimeLimit": 170
			}
		},
		"external": {
			"send": "0"
		},
		"akashic-runtime": {
			"version": "~3.7.4-0",
			"flavor": "-canvas"
		}
	},
	"globalScripts": [],
	"exportZipInfo": {
		"version": "1.8.24",
		"option": {
			"strip": true,
			"babel": true,
			"hashFilename": true,
			"targetService": "nicolive",
			"nicolive": true
		}
	}
}